{
  "run_timestamp": "2026-05-18 03:04:24.595951",
  "dataset": {
    "rows": 5078345,
    "laundering_rows": 5177,
    "positive_both": 6357,
    "positive_src_only": 3376
  },
  "experiments": [
    {
      "name": "baseline",
      "description": "Current production (random split, both-labels, spw=auto)",
      "auc_roc": 0.8834673881496911,
      "pr_auc": 0.19971451696268003,
      "precision_d": 0.048895064178906975,
      "recall_d": 0.7746331236897275,
      "f1_d": 0.09198406771222305,
      "opt_threshold": 0.8871963024139404,
      "precision_opt": 0.2594594594594595,
      "recall_opt": 0.20125786163522014,
      "f1_opt": 0.22668240850059032,
      "n_features": 29,
      "train_size": 360556,
      "val_size": 77262,
      "test_size": 77262,
      "n_pos_train": 4450,
      "n_pos_test": 954,
      "training_time": 2.660184144973755,
      "best_iteration": 299,
      "params": {
        "n_estimators": 300,
        "max_depth": 5,
        "learning_rate": 0.05,
        "min_child_weight": 3,
        "subsample": 0.8,
        "colsample_bytree": 0.8,
        "gamma": 1,
        "reg_alpha": 0.1,
        "reg_lambda": 1.0,
        "scale_pos_weight": "auto"
      }
    },
    {
      "name": "fix_labels",
      "description": "Source-only labels (reduce label noise)",
      "auc_roc": 0.9298988252286337,
      "pr_auc": 0.21699873697122088,
      "precision_d": 0.03839209350945548,
      "recall_d": 0.7984189723320159,
      "f1_d": 0.073261401758999,
      "opt_threshold": 0.9397713541984558,
      "precision_opt": 0.3382899628252788,
      "recall_opt": 0.17984189723320157,
      "f1_opt": 0.23483870967741935,
      "n_features": 29,
      "train_size": 360556,
      "val_size": 77262,
      "test_size": 77262,
      "n_pos_train": 2364,
      "n_pos_test": 506,
      "training_time": 2.4028565883636475,
      "best_iteration": 299,
      "params": {
        "n_estimators": 300,
        "max_depth": 5,
        "learning_rate": 0.05,
        "min_child_weight": 3,
        "subsample": 0.8,
        "colsample_bytree": 0.8,
        "gamma": 1,
        "reg_alpha": 0.1,
        "reg_lambda": 1.0,
        "scale_pos_weight": "auto"
      }
    },
    {
      "name": "temporal_split",
      "description": "Source-only labels + temporal split (prevent leakage)",
      "auc_roc": 0.8437904124860647,
      "pr_auc": 0.5745528053798707,
      "precision_d": 0.05647840531561462,
      "recall_d": 0.7391304347826086,
      "f1_d": 0.10493827160493827,
      "opt_threshold": 0.5404087901115417,
      "precision_opt": 1.0,
      "recall_opt": 0.5217391304347826,
      "f1_opt": 0.6857142857142857,
      "n_features": 29,
      "train_size": 513284,
      "val_size": 875,
      "test_size": 998,
      "n_pos_train": 3344,
      "n_pos_test": 23,
      "training_time": 1.1454195976257324,
      "best_iteration": 3,
      "params": {
        "n_estimators": 300,
        "max_depth": 5,
        "learning_rate": 0.05,
        "min_child_weight": 3,
        "subsample": 0.8,
        "colsample_bytree": 0.8,
        "gamma": 1,
        "reg_alpha": 0.1,
        "reg_lambda": 1.0,
        "scale_pos_weight": "auto"
      }
    },
    {
      "name": "enhanced_features",
      "description": "Source-only + temporal + 50+ enhanced features",
      "auc_roc": 0.8397324414715719,
      "pr_auc": 0.5776490857359844,
      "precision_d": 0.125,
      "recall_d": 0.6521739130434783,
      "f1_d": 0.2097902097902098,
      "opt_threshold": 0.546725869178772,
      "precision_opt": 0.5384615384615384,
      "recall_opt": 0.6086956521739131,
      "f1_opt": 0.5714285714285714,
      "n_features": 47,
      "train_size": 513284,
      "val_size": 875,
      "test_size": 998,
      "n_pos_train": 3344,
      "n_pos_test": 23,
      "training_time": 1.4414479732513428,
      "best_iteration": 14,
      "params": {
        "n_estimators": 500,
        "max_depth": 6,
        "learning_rate": 0.03,
        "min_child_weight": 5,
        "subsample": 0.8,
        "colsample_bytree": 0.7,
        "gamma": 2,
        "reg_alpha": 0.5,
        "reg_lambda": 2.0,
        "scale_pos_weight": "auto"
      }
    },
    {
      "name": "capped_spw",
      "description": "Enhanced features + scale_pos_weight capped at 15 (reduce FP)",
      "auc_roc": 0.8830546265328875,
      "pr_auc": 0.6398058684720621,
      "precision_d": 0.0,
      "recall_d": 0.0,
      "f1_d": 0.0,
      "opt_threshold": 0.1694970279932022,
      "precision_opt": 0.7777777777777778,
      "recall_opt": 0.6086956521739131,
      "f1_opt": 0.6829268292682927,
      "n_features": 47,
      "train_size": 513284,
      "val_size": 875,
      "test_size": 998,
      "n_pos_train": 3344,
      "n_pos_test": 23,
      "training_time": 1.2839417457580566,
      "best_iteration": 6,
      "params": {
        "n_estimators": 500,
        "max_depth": 6,
        "learning_rate": 0.03,
        "min_child_weight": 5,
        "subsample": 0.8,
        "colsample_bytree": 0.7,
        "gamma": 2,
        "reg_alpha": 0.5,
        "reg_lambda": 2.0,
        "scale_pos_weight": 15
      }
    },
    {
      "name": "deep_regularised",
      "description": "Enhanced + heavy regularisation + deeper trees",
      "auc_roc": 0.8644370122630992,
      "pr_auc": 0.6370760180492109,
      "precision_d": 0.0,
      "recall_d": 0.0,
      "f1_d": 0.0,
      "opt_threshold": 0.14109192788600922,
      "precision_opt": 0.2112676056338028,
      "recall_opt": 0.6521739130434783,
      "f1_opt": 0.3191489361702128,
      "n_features": 47,
      "train_size": 513284,
      "val_size": 875,
      "test_size": 998,
      "n_pos_train": 3344,
      "n_pos_test": 23,
      "training_time": 2.0458624362945557,
      "best_iteration": 37,
      "params": {
        "n_estimators": 800,
        "max_depth": 8,
        "learning_rate": 0.01,
        "min_child_weight": 10,
        "subsample": 0.7,
        "colsample_bytree": 0.6,
        "gamma": 5,
        "reg_alpha": 1.0,
        "reg_lambda": 5.0,
        "scale_pos_weight": 10
      }
    },
    {
      "name": "balanced_optimized",
      "description": "Balanced: max_delta_step + tuned regularisation (best F1 target)",
      "auc_roc": 0.8330211817168339,
      "pr_auc": 0.6259509105577252,
      "precision_d": 0.0,
      "recall_d": 0.0,
      "f1_d": 0.0,
      "opt_threshold": 0.14896754920482635,
      "precision_opt": 0.2916666666666667,
      "recall_opt": 0.6086956521739131,
      "f1_opt": 0.39436619718309857,
      "n_features": 47,
      "train_size": 513284,
      "val_size": 875,
      "test_size": 998,
      "n_pos_train": 3344,
      "n_pos_test": 23,
      "training_time": 1.3482468128204346,
      "best_iteration": 9,
      "params": {
        "n_estimators": 600,
        "max_depth": 7,
        "learning_rate": 0.02,
        "min_child_weight": 7,
        "subsample": 0.75,
        "colsample_bytree": 0.65,
        "gamma": 3,
        "reg_alpha": 0.8,
        "reg_lambda": 3.0,
        "scale_pos_weight": 12,
        "max_delta_step": 1
      }
    }
  ],
  "best_experiment": "temporal_split",
  "cross_validation": {
    "auc_mean": 0.9331679489264146,
    "auc_std": 0.00310585005284062,
    "pr_auc_mean": 0.2517292294249398,
    "pr_auc_std": 0.015426780251375102,
    "f1_opt_mean": 0.2874504523099784,
    "f1_opt_std": 0.016120509368550733,
    "prec_opt_mean": 0.3272335060652366,
    "prec_opt_std": 0.07973905839593087,
    "rec_opt_mean": 0.27369625246548324,
    "rec_opt_std": 0.04159877707433594,
    "threshold_mean": 0.9189921021461487,
    "threshold_std": 0.013028501374252174
  },
  "industry_targets": {
    "auc_roc_gte": 0.93,
    "f1_gte": 0.45,
    "precision_gte": 0.3
  }
}